height,entropy,zscore
1000,9.96434086779242,-945.3814045041375
